SPPI, phase6, 2009-09-04,
JAZZ, phase6, 2010-10-11,
ASRT, phase6, 2011-01-28,
SPPI, phase6, 2011-04-29,
ASRT, phase6, 2011-04-29,
PFE, phase6, 2011-08-19,
TAK, phase6, 2011-08-19,
PCRX, phase6, 2011-10-31,
INCY, phase6, 2011-11-16,
HALO, phase6, 2011-12-08,
CRIS, phase6, 2012-01-30,
CORT, phase6, 2012-02-17,
PTPI, phase6, 2012-04-27,
PLX, phase6, 2012-05-01,
EBS, phase6, 2012-05-17,
RGEN, phase6, 2012-06-22,
SUPN, phase6, 2012-10-22,
EXEL, phase6, 2012-11-29,
TAK, phase6, 2012-11-29,
AIM, phase6, 2013-02-04,
NAVB, phase6, 2013-03-13,
ASRT, phase6, 2013-05-31,
AVDL, phase6, 2013-06-03,
TBPH, phase6, 2013-06-21,
SUPN, phase6, 2013-08-19,
HALO, phase6, 2013-10-14,
ABBV, phase6, 2013-11-13,
JNJ, phase6, 2013-12-31,
DRRX, phase6, 2014-02-12,
ABBV, phase6, 2014-02-12,
BMRN, phase6, 2014-02-14,
ENDP, phase6, 2014-03-06,
NVS, phase6, 2014-04-30,
OMER, phase6, 2014-06-02,
COLL, phase6, 2014-06-06,
NAVB, phase6, 2014-06-13,
MNKD, phase6, 2014-06-27,
AVDL, phase6, 2014-06-30,
EGRX, phase6, 2014-07-02,
SPPI, phase6, 2014-07-07,
ASRT, phase6, 2014-07-07,
EGRX, phase6, 2014-07-23,
NVS, phase6, 2014-08-06,
AKBA, phase6, 2014-09-05,
HALO, phase6, 2014-09-12,
NKTR, phase6, 2014-09-16,
ALIM, phase6, 2014-09-26,
EYPT, phase6, 2014-09-26,
LNTH, phase6, 2014-09-29,
INCY, phase6, 2014-12-04,
ABBV, phase6, 2014-12-19,
ENTA, phase6, 2014-12-19,
BCRX, phase6, 2014-12-22,
VRTX, phase6, 2014-12-29,
RMTI, phase6, 2015-01-26,
ABBV, phase6, 2015-01-29,
VRTX, phase6, 2015-03-17,
EBS, phase5, 2015-03-25,
AMGN, phase6, 2015-04-15,
JNJ, phase6, 2015-04-16,
TBPH, phase6, 2015-04-30,
MNKKQ, phase6, 2015-04-30,
NVS, phase6, 2015-04-30,
VRTX, phase6, 2015-07-02,
PFE, phase6, 2015-08-17,
TAK, phase6, 2015-08-17,
MACK, phase6, 2015-10-22,
COLL, phase6, 2015-10-25,
COLL, phase6, 2015-10-26,
ENDP, phase6, 2015-10-26,
EXEL, phase6, 2015-11-10,
NKTR, phase6, 2015-11-16,
EBS, phase6, 2015-11-24,
EGRX, phase6, 2015-12-24,
BMRN, phase6, 2016-01-14,
AYTU, phase6, 2016-01-27,
VRTX, phase6, 2016-02-05,
SPPI, phase6, 2016-03-15,
ASRT, phase6, 2016-03-15,
EGRX, phase6, 2016-03-18,
EXEL, phase6, 2016-04-25,
ACAD, phase6, 2016-04-29,
AVDL, phase6, 2016-05-02,
TTNP, phase6, 2016-05-26,
VNDA, phase6, 2016-05-26,
OPK, phase6, 2016-06-21,
CLVS, phase6, 2016-06-28,
LNTH, phase6, 2016-07-19,
HRTX, phase6, 2016-08-10,
GSK, phase6, 2016-09-02,
SRPT, phase6, 2016-09-19,
VCEL, phase6, 2016-12-13,
CLVS, phase6, 2016-12-19,
IONS, phase6, 2016-12-23,
AMPH, phase6, 2016-12-27,
ABBV, phase6, 2017-01-19,
IRWD, phase6, 2017-01-26,
AMGN, phase6, 2017-02-07,
BHC, phase6, 2017-02-15,
BMY, phase6, 2017-02-22,
AZN, phase6, 2017-02-28,
MRK, phase6, 2017-03-01,
NVS, phase6, 2017-03-13,
MRK, phase6, 2017-03-14,
PFE, phase6, 2017-03-23,
GSK, phase6, 2017-03-27,
REGN, phase6, 2017-03-28,
SNY, phase6, 2017-03-28,
AZN, phase6, 2017-03-31,
PFE, phase6, 2017-03-31,
SUPN, phase6, 2017-04-05,
MRK, phase6, 2017-04-07,
NBIX, phase6, 2017-04-11,
MRK, phase6, 2017-04-21,
REGN, phase6, 2017-04-25,
SNY, phase6, 2017-04-25,
BMRN, phase6, 2017-04-27,
NVS, phase6, 2017-04-28,
PFE, phase6, 2017-05-09,
MRK, phase6, 2017-05-10,
MRK, phase6, 2017-05-18,
REGN, phase6, 2017-05-22,
SNY, phase6, 2017-05-22,
MRK, phase6, 2017-05-23,
NVS, phase6, 2017-05-26,
MRK, phase6, 2017-05-30,
NVO, phase6, 2017-05-31,
ALKS, phase6, 2017-06-06,
ADMP, phase6, 2017-06-15,
JNJ, phase6, 2017-06-16,
GMAB, phase6, 2017-06-16,
AYTU, phase6, 2017-06-19,
PFE, phase6, 2017-06-22,
HALO, phase6, 2017-06-22,
NVS, phase6, 2017-06-22,
AZN, phase6, 2017-06-23,
AMGN, phase6, 2017-06-29,
BMY, phase6, 2017-07-06,
AMGN, phase6, 2017-07-11,
JNJ, phase6, 2017-07-13,
PBYI, phase6, 2017-07-17,
GILD, phase6, 2017-07-18,
GSK, phase6, 2017-07-21,
AGIO, phase6, 2017-08-01,
BMY, phase6, 2017-08-01,
JNJ, phase6, 2017-08-02,
ABBV, phase6, 2017-08-02,
ABBV, phase6, 2017-08-03,
ENTA, phase6, 2017-08-03,
AZN, phase6, 2017-08-17,
PFE, phase6, 2017-08-17,
IRWD, phase6, 2017-08-21,
NVO, phase6, 2017-08-25,
KMDA, phase6, 2017-08-25,
AZN, phase6, 2017-08-28,
NVS, phase6, 2017-08-29,
NVS, phase6, 2017-08-30,
PFE, phase6, 2017-09-01,
AMGN, phase6, 2017-09-14,
ABBV, phase6, 2017-09-14,
AYTU, phase6, 2017-09-15,
OPTN, phase6, 2017-09-17,
GSK, phase6, 2017-09-18,
INVA, phase6, 2017-09-18,
BCRX, phase6, 2017-09-21,
JNJ, phase6, 2017-09-22,
ABBV, phase6, 2017-10-03,
LLY, phase6, 2017-10-04,
VTRS, phase6, 2017-10-04,
NBIX, phase6, 2017-10-05,
PFE, phase6, 2017-10-12,
JNJ, phase6, 2017-10-13,
GSK, phase6, 2017-10-20,
JNJ, phase6, 2017-10-20,
AZN, phase6, 2017-10-23,
GSK, phase6, 2017-10-26,
EGRX, phase6, 2017-10-27,
AZN, phase6, 2017-10-31,
BHC, phase6, 2017-11-02,
COLL, phase6, 2017-11-07,
AKBA, phase6, 2017-11-07,
PFE, phase6, 2017-11-09,
MRK, phase6, 2017-11-09,
DVAX, phase6, 2017-11-09,
BMY, phase6, 2017-11-10,
ABBV, phase6, 2017-11-13,
AZN, phase6, 2017-11-14,
RARE, phase6, 2017-11-15,
PFE, phase6, 2017-11-16,
GSK, phase6, 2017-11-21,
LLY, phase6, 2017-12-01,
VTRS, phase6, 2017-12-01,
NVO, phase6, 2017-12-05,
SNY, phase6, 2017-12-11,
MDT, phase6, 2017-12-11,
GSK, phase6, 2017-12-12,
PFE, phase6, 2017-12-13,
PFE, phase6, 2017-12-14,
ACRS, phase6, 2017-12-15,
ALC, phase6, 2017-12-18,
EXEL, phase6, 2017-12-19,
PFE, phase6, 2017-12-19,
MRK, phase6, 2017-12-20,
PFE, phase6, 2017-12-20,
BMY, phase6, 2017-12-20,
AEZS, phase6, 2017-12-20,
INVA, phase6, 2017-12-21,
BHC, phase6, 2017-12-22,
AMGN, phase6, 2018-01-05,
AZN, phase6, 2018-01-12,
MRK, phase6, 2018-01-12,
TEVA, phase6, 2018-01-15,
LGND, phase6, 2018-01-17,
AMGN, phase6, 2018-01-17,
NVS, phase6, 2018-01-26,
JNJ, phase6, 2018-02-08,
NVS, phase6, 2018-02-08,
JNJ, phase6, 2018-02-14,
ZVRA, phase6, 2018-02-23,
SRNE, phase6, 2018-02-28,
LLY, phase6, 2018-03-26,
PFE, phase6, 2018-04-04,
TAK, phase6, 2018-04-04,
BMY, phase6, 2018-04-04,
CLVS, phase6, 2018-04-06,
PCRX, phase6, 2018-04-06,
RIGL, phase6, 2018-04-17,
RARE, phase6, 2018-04-17,
NVS, phase6, 2018-04-30,
NVS, phase6, 2018-05-01,
NVS, phase6, 2018-05-02,
BHC, phase6, 2018-05-07,
JNJ, phase6, 2018-05-07,
NVS, phase6, 2018-05-11,
AMGN, phase6, 2018-05-17,
NVS, phase6, 2018-05-17,
AZN, phase6, 2018-05-18,
AMGN, phase6, 2018-05-21,
BMRN, phase6, 2018-05-24,
TXMD, phase6, 2018-05-30,
PFE, phase6, 2018-05-30,
PPBT, phase6, 2018-05-31,
LLY, phase6, 2018-06-01,
INCY, phase6, 2018-06-01,
VTRS, phase6, 2018-06-04,
LLY, phase6, 2018-06-05,
MRK, phase6, 2018-06-05,
RHHBY, phase6, 2018-06-07,
RHHBY, phase6, 2018-06-11,
ABBV, phase6, 2018-06-11,
LGND, phase6, 2018-06-11,
AMGN, phase6, 2018-06-11,
MRK, phase6, 2018-06-12,
MRK, phase6, 2018-06-13,
RHHBY, phase6, 2018-06-13,
PFE, phase6, 2018-06-27,
LLY, phase6, 2018-06-29,
ALKS, phase6, 2018-07-02,
BMY, phase6, 2018-07-11,
SIGA, phase6, 2018-07-13,
PFE, phase6, 2018-07-13,
JNJ, phase6, 2018-07-18,
AGIO, phase6, 2018-07-20,
GSK, phase6, 2018-07-23,
ABBV, phase6, 2018-07-24,
NBIX, phase6, 2018-07-24,
DRRX, phase6, 2018-07-27,
LNTH, phase6, 2018-07-30,
TXMD, phase6, 2018-08-10,
ALNY, phase6, 2018-08-10,
SNY, phase6, 2018-08-10,
FOLD, phase6, 2018-08-10,
REGN, phase6, 2018-08-13,
BMY, phase6, 2018-08-17,
ORGS, phase6, 2018-08-22,
MNKKQ, phase6, 2018-08-22,
KALA, phase6, 2018-08-23,
BHC, phase6, 2018-08-24,
IONS, phase6, 2018-08-27,
ABBV, phase6, 2018-08-27,
JNJ, phase6, 2018-08-27,
INVA, phase6, 2018-08-27,
AQST, phase6, 2018-08-31,
GSK, phase6, 2018-09-07,
AZN, phase6, 2018-09-13,
TEVA, phase6, 2018-09-14,
VSTM, phase6, 2018-09-24,
ADMP, phase6, 2018-09-27,
REGN, phase6, 2018-09-28,
SNY, phase6, 2018-09-28,
LLY, phase6, 2018-09-28,
INSM, phase6, 2018-09-28,
LGND, phase6, 2018-10-01,
AMGN, phase6, 2018-10-01,
HALO, phase6, 2018-10-01,
RHHBY, phase6, 2018-10-04,
IONS, phase6, 2018-10-05,
BHC, phase6, 2018-10-08,
MRK, phase6, 2018-10-09,
ALIM, phase6, 2018-10-15,
EYPT, phase6, 2018-10-15,
PFE, phase6, 2018-10-16,
XOMA, phase6, 2018-10-18,
NVS, phase6, 2018-10-18,
REGN, phase6, 2018-10-19,
SNY, phase6, 2018-10-19,
RHHBY, phase6, 2018-10-24,
JAZZ, phase6, 2018-10-26,
TXMD, phase6, 2018-10-29,
MRK, phase6, 2018-10-30,
JNJ, phase6, 2018-10-30,
NVS, phase6, 2018-10-31,
TLPH, phase6, 2018-11-02,
XOMA, phase6, 2018-11-02,
PFE, phase6, 2018-11-02,
BMY, phase6, 2018-11-06,
TBPH, phase6, 2018-11-09,
MRK, phase6, 2018-11-09,
PFE, phase6, 2018-11-16,
TAK, phase6, 2018-11-16,
AQST, phase6, 2018-11-16,
NVS, phase6, 2018-11-16,
PFE, phase6, 2018-11-21,
RHHBY, phase6, 2018-11-21,
ABBV, phase6, 2018-11-21,
LLY, phase6, 2018-11-26,
TEVA, phase6, 2018-11-28,
CPRX, phase6, 2018-11-28,
OCUL, phase6, 2018-12-03,
RHHBY, phase6, 2018-12-06,
MNKKQ, phase6, 2018-12-12,
SUPN, phase6, 2018-12-14,
TEVA, phase6, 2018-12-14,
AMGN, phase6, 2018-12-14,
AZN, phase6, 2018-12-19,
MRK, phase6, 2018-12-19,
AZN, phase6, 2018-12-21,
ACOR, phase6, 2018-12-24,
AZN, phase6, 2018-12-31,
BMY, phase6, 2019-01-02,
EXEL, phase6, 2019-01-14,
TAK, phase6, 2019-01-14,
ABBV, phase6, 2019-01-28,
ALKS, phase6, 2019-02-01,
EOLS, phase6, 2019-02-01,
SNY, phase6, 2019-02-06,
NVS, phase6, 2019-02-13,
MRK, phase6, 2019-02-19,
NVO, phase6, 2019-02-19,
BHC, phase6, 2019-02-25,
ADMP, phase4, 2019-02-26,
HRTX, phase6, 2019-02-26,
MOR, phase6, 2019-02-27,
JNJ, phase6, 2019-02-27,
HALO, phase6, 2019-02-28,
JNJ, phase6, 2019-03-05,
RHHBY, phase6, 2019-03-08,
BMY, phase6, 2019-03-08,
REGN, phase6, 2019-03-11,
SNY, phase6, 2019-03-11,
ALC, phase6, 2019-03-13,
PFE, phase6, 2019-03-15,
RHHBY, phase6, 2019-03-18,
SAGE, phase6, 2019-03-19,
LGND, phase6, 2019-03-19,
JAZZ, phase6, 2019-03-20,
NVS, phase6, 2019-03-26,
PFE, phase6, 2019-04-04,
GSK, phase6, 2019-04-08,
AMGN, phase6, 2019-04-09,
MRK, phase6, 2019-04-11,
JNJ, phase6, 2019-04-12,
MRK, phase6, 2019-04-22,
PFE, phase6, 2019-04-22,
ABBV, phase6, 2019-04-23,
BHC, phase6, 2019-04-25,
REGN, phase6, 2019-04-26,
SNY, phase6, 2019-04-26,
VRTX, phase6, 2019-04-30,
SNY, phase6, 2019-05-01,
AGIO, phase6, 2019-05-02,
AZN, phase6, 2019-05-03,
RHHBY, phase6, 2019-05-06,
PFE, phase6, 2019-05-06,
LLY, phase6, 2019-05-13,
REGN, phase6, 2019-05-13,
PFE, phase6, 2019-05-14,
RHHBY, phase6, 2019-05-15,
ABBV, phase6, 2019-05-15,
INCY, phase6, 2019-05-24,
NVS, phase6, 2019-05-24,
BMY, phase6, 2019-05-28,
MRK, phase6, 2019-06-03,
LLY, phase6, 2019-06-04,
GSK, phase6, 2019-06-06,
PTCT, phase6, 2019-06-07,
RHHBY, phase6, 2019-06-10,
PFE, phase6, 2019-06-10,
MRK, phase6, 2019-06-11,
AMGN, phase6, 2019-06-13,
OCUL, phase6, 2019-06-21,
VRTX, phase6, 2019-06-21,
ABBV, phase6, 2019-06-21,
ZVRA, phase6, 2019-06-25,
REGN, phase6, 2019-06-26,
SNY, phase6, 2019-06-26,
AZN, phase6, 2019-06-27,
TVTX, phase6, 2019-06-28,
PFE, phase6, 2019-06-28,
JNJ, phase6, 2019-06-28,
GMAB, phase6, 2019-06-28,
KPTI, phase6, 2019-07-03,
MRK, phase6, 2019-07-17,
PFE, phase6, 2019-07-19,
BHVN, phase6, 2019-07-19,
AMGN, phase6, 2019-07-19,
PFE, phase6, 2019-07-23,
LLY, phase6, 2019-07-24,
MRK, phase6, 2019-07-31,
RHHBY, phase6, 2019-08-15,
BMY, phase6, 2019-08-16,
ABBV, phase6, 2019-08-16,
NBRV, phase6, 2019-08-19,
VNDA, phase6, 2019-08-19,
LLY, phase6, 2019-08-26,
ABBV, phase6, 2019-09-03,
XERS, phase6, 2019-09-10,
GSK, phase6, 2019-09-12,
ARDX, phase6, 2019-09-12,
MRK, phase6, 2019-09-17,
JNJ, phase6, 2019-09-18,
NVO, phase6, 2019-09-20,
MRK, phase6, 2019-09-20,
JNJ, phase6, 2019-09-26,
GMAB, phase6, 2019-09-26,
RHHBY, phase6, 2019-09-27,
JNJ, phase6, 2019-09-30,
AZN, phase6, 2019-10-01,
GILD, phase6, 2019-10-03,
LGND, phase6, 2019-10-07,
NVS, phase6, 2019-10-08,
LLY, phase6, 2019-10-11,
JNJ, phase6, 2019-10-14,
RHHBY, phase6, 2019-10-18,
VYNE, phase6, 2019-10-18,
AZN, phase6, 2019-10-18,
AMGN, phase6, 2019-10-18,
ASRT, phase6, 2019-10-21,
AZN, phase6, 2019-10-21,
VRTX, phase6, 2019-10-21,
JNJ, phase6, 2019-10-21,
ETON, phase6, 2019-10-22,
GSK, phase6, 2019-10-23,
ABBV, phase6, 2019-10-24,
ALKS, phase6, 2019-10-30,
BIIB, phase6, 2019-10-30,
SNY, phase6, 2019-11-04,
NVS, phase6, 2019-11-05,
BMY, phase6, 2019-11-08,
MRK, phase6, 2019-11-08,
BGNE, phase6, 2019-11-14,
NVS, phase6, 2019-11-15,
PFE, phase6, 2019-11-18,
ALNY, phase6, 2019-11-20,
AZN, phase6, 2019-11-21,
AQST, phase6, 2019-11-23,
PFE, phase6, 2019-11-25,
RHHBY, phase6, 2019-12-03,
AMGN, phase6, 2019-12-06,
SRPT, phase6, 2019-12-12,
AVDL, phase6, 2019-12-16,
PFE, phase6, 2019-12-18,
BHC, phase6, 2019-12-19,
ITCI, phase6, 2019-12-23,
ABBV, phase6, 2019-12-23,
AZN, phase6, 2019-12-30,
MRK, phase6, 2019-12-30,
MRK, phase6, 2020-01-08,
BPMC, phase6, 2020-01-09,
AMGN, phase6, 2020-01-21,
EPZM, phase6, 2020-01-23,
LLY, phase6, 2020-01-27,
MRK, phase6, 2020-01-27,
AGRX, phase6, 2020-02-14,
BXRXQ, phase6, 2020-02-20,
LLY, phase6, 2020-02-21,
ESPR, phase6, 2020-02-21,
EGRX, phase6, 2020-02-26,
ESPR, phase6, 2020-02-26,
PBYI, phase6, 2020-02-26,
PFE, phase6, 2020-02-27,
BHVN, phase6, 2020-02-27,
SNY, phase6, 2020-03-02,
BMY, phase6, 2020-03-11,
GILD, phase6, 2020-03-19,
LLY, phase6, 2020-03-20,
BMY, phase6, 2020-03-25,
IGXT, phase6, 2020-03-27,
RMTI, phase6, 2020-03-27,
LLY, phase6, 2020-03-30,
BMY, phase6, 2020-04-03,
MRK, phase6, 2020-04-03,
PFE, phase6, 2020-04-08,
AZN, phase6, 2020-04-13,
MRK, phase6, 2020-04-13,
URGN, phase6, 2020-04-15,
PFE, phase6, 2020-04-17,
INCY, phase6, 2020-04-17,
ABBV, phase6, 2020-04-21,
JNJ, phase6, 2020-04-21,
GILD, phase6, 2020-04-22,
SNY, phase6, 2020-04-24,
NBIX, phase6, 2020-04-27,
UTHR, phase6, 2020-04-28,
GSK, phase6, 2020-04-29,
ZLAB, phase6, 2020-04-29,
AMGN, phase6, 2020-04-30,
JNJ, phase6, 2020-05-01,
HALO, phase6, 2020-05-01,
GMAB, phase6, 2020-05-01,
AZN, phase6, 2020-05-05,
NVS, phase6, 2020-05-06,
INCY, phase6, 2020-05-06,
LLY, phase6, 2020-05-08,
AZN, phase6, 2020-05-08,
MRK, phase6, 2020-05-08,
CLVS, phase6, 2020-05-15,
DCPH, phase6, 2020-05-15,
BPMC, phase6, 2020-05-15,
BMY, phase6, 2020-05-15,
RHHBY, phase6, 2020-05-18,
AZN, phase6, 2020-05-19,
MRK, phase6, 2020-05-19,
AQST, phase6, 2020-05-21,
TAK, phase6, 2020-05-22,
EVFM, phase6, 2020-05-22,
BMY, phase6, 2020-05-26,
REGN, phase6, 2020-05-26,
SNY, phase6, 2020-05-26,
LLY, phase6, 2020-05-28,
LLY, phase6, 2020-05-29,
VYNE, phase6, 2020-05-29,
RHHBY, phase6, 2020-05-29,
ABBV, phase6, 2020-05-29,
NBIX, phase6, 2020-05-29,
LLY, phase6, 2020-06-01,
AZN, phase6, 2020-06-01,
MRK, phase6, 2020-06-04,
AMGN, phase6, 2020-06-11,
MRK, phase6, 2020-06-12,
LLY, phase6, 2020-06-15,
JAZZ, phase6, 2020-06-15,
ABBV, phase6, 2020-06-15,
NVS, phase6, 2020-06-16,
MRK, phase6, 2020-06-17,
EPZM, phase6, 2020-06-18,
RARE, phase6, 2020-06-18,
EVOK, phase6, 2020-06-19,
NBRV, phase6, 2020-06-19,
KPTI, phase6, 2020-06-22,
MRK, phase6, 2020-06-24,
ABBV, phase6, 2020-06-26,
MOLN, phase6, 2020-06-26,
MRK, phase6, 2020-06-29,
RHHBY, phase6, 2020-06-29,
HALO, phase6, 2020-06-29,
PFE, phase6, 2020-06-30,
RARE, phase6, 2020-06-30,
GSK, phase6, 2020-07-02,
PFE, phase6, 2020-07-02,
ENDP, phase6, 2020-07-06,
MRK, phase6, 2020-07-08,
VTRS, phase6, 2020-07-09,
CYDY, phase4, 2020-07-13,
MOR, phase6, 2020-07-14,
JNJ, phase6, 2020-07-14,
JAZZ, phase6, 2020-07-22,
GILD, phase6, 2020-07-24,
AZN, phase6, 2020-07-24,
RHHBY, phase6, 2020-07-30,
EXEL, phase6, 2020-07-30,
MOR, phase6, 2020-07-31,
XNCR, phase6, 2020-07-31,
INCY, phase6, 2020-07-31,
JAZZ, phase6, 2020-08-03,
JNJ, phase6, 2020-08-03,
DBVT, phase6, 2020-08-04,
GSK, phase6, 2020-08-05,
PFE, phase6, 2020-08-05,
GSK, phase6, 2020-08-06,
TRVN, phase6, 2020-08-07,
RHHBY, phase6, 2020-08-07,
PTCT, phase6, 2020-08-07,
EGRX, phase6, 2020-08-10,
RHHBY, phase6, 2020-08-14,
VTRS, phase6, 2020-08-17,
NVS, phase6, 2020-08-20,
JNJ, phase6, 2020-08-20,
GMAB, phase6, 2020-08-20,
TCDA, phase6, 2020-08-24,
BMY, phase6, 2020-09-01,
BPMC, phase6, 2020-09-04,
TBPH, phase6, 2020-09-09,
GSK, phase6, 2020-09-09,
INVA, phase6, 2020-09-09,
GSK, phase6, 2020-09-25,
BHC, phase6, 2020-09-25,
ETON, phase6, 2020-09-25,
ETON, phase6, 2020-09-29,
BMY, phase6, 2020-10-02,
HRMY, phase6, 2020-10-14,
REGN, phase6, 2020-10-14,
MRK, phase6, 2020-10-15,
RHHBY, phase6, 2020-10-16,
ABBV, phase6, 2020-10-16,
KALA, phase6, 2020-10-27,
AZN, phase6, 2020-11-06,
ABCL, phase6, 2020-11-09,
LLY, phase6, 2020-11-09,
ETON, phase6, 2020-11-12,
SNY, phase6, 2020-11-13,
EIGR, phase6, 2020-11-20,
RHHBY, phase6, 2020-11-23,
VTRS, phase6, 2020-11-23,
ALNY, phase6, 2020-11-24,
YMAB, phase6, 2020-11-25,
RYTM, phase6, 2020-11-27,
RHHBY, phase6, 2020-12-01,
VNDA, phase6, 2020-12-01,
BPMC, phase6, 2020-12-01,
BCRX, phase6, 2020-12-03,
SCPH, phase6, 2020-12-07,
LPCN, phase6, 2020-12-08,
ATNXQ, phase6, 2020-12-15,
GSK, phase6, 2020-12-17,
AMGN, phase6, 2020-12-17,
TAK, phase6, 2020-12-18,
KPTI, phase6, 2020-12-18,
AZN, phase6, 2020-12-21,
VRTX, phase6, 2020-12-21,
PFE, phase6, 2021-01-14,
JNJ, phase6, 2021-01-15,
HALO, phase6, 2021-01-15,
GMAB, phase6, 2021-01-15,
MRK, phase6, 2021-01-20,
GSK, phase6, 2021-01-21,
PFE, phase6, 2021-01-21,
AUPH, phase6, 2021-01-22,
DRRX, phase6, 2021-02-02,
AMGN, phase6, 2021-02-02,
BMY, phase6, 2021-02-05,
TGTX, phase6, 2021-02-05,
REGN, phase6, 2021-02-09,
SNY, phase6, 2021-02-09,
ABBV, phase6, 2021-02-10,
REGN, phase6, 2021-02-11,
GTHX, phase6, 2021-02-12,
PFE, phase6, 2021-02-12,
REGN, phase6, 2021-02-22,
SNY, phase6, 2021-02-22,
SRPT, phase6, 2021-02-25,
BBIO, phase6, 2021-02-26,
MRK, phase6, 2021-03-01,
ZVRA, phase6, 2021-03-02,
RHHBY, phase6, 2021-03-04,
GILD, phase6, 2021-03-05,
KNSA, phase6, 2021-03-18,
ZLDPF, phase6, 2021-03-22,
MRK, phase6, 2021-03-23,
BLUE, phase6, 2021-03-26,
BMY, phase6, 2021-03-26,
JAZZ, phase6, 2021-03-30,
SNY, phase6, 2021-03-31,
UTHR, phase6, 2021-04-01,
REGN, phase6, 2021-04-01,
SUPN, phase6, 2021-04-02,
GILD, phase6, 2021-04-13,
BMY, phase6, 2021-04-16,
ADCT, phase6, 2021-04-23,
AZN, phase6, 2021-04-30,
MRK, phase6, 2021-05-05,
HRTX, phase6, 2021-05-13,
APLS, phase6, 2021-05-14,
BMY, phase6, 2021-05-20,
PFE, phase6, 2021-05-26,
XNCR, phase6, 2021-05-26,
GSK, phase6, 2021-05-26,
VIR, phase6, 2021-05-26,
LNTH, phase6, 2021-05-27,
BMY, phase6, 2021-05-27,
PFE, phase6, 2021-05-27,
BHVN, phase6, 2021-05-27,
AMGN, phase6, 2021-05-28,
BBIO, phase6, 2021-06-01,
LIAN, phase6, 2021-06-01,
ALKS, phase6, 2021-06-01,
SCYX, phase6, 2021-06-02,
CMRX, phase6, 2021-06-04,
LMNL, phase6, 2021-06-04,
AZN, phase6, 2021-06-07,
BIIB, phase6, 2021-06-07,
PFE, phase6, 2021-06-08,
VRTX, phase6, 2021-06-09,
ETON, phase6, 2021-06-15,
MNKKQ, phase6, 2021-06-15,
BPMC, phase6, 2021-06-16,
ZVRA, phase6, 2021-06-18,
VCEL, phase6, 2021-06-29,
MDWD, phase6, 2021-06-29,
LGND, phase6, 2021-06-30,
JAZZ, phase6, 2021-06-30,
MRK, phase6, 2021-07-06,
PFE, phase6, 2021-07-09,
JNJ, phase6, 2021-07-12,
HALO, phase6, 2021-07-12,
LLY, phase5, 2021-07-16,
INCY, phase5, 2021-07-16,
LGND, phase6, 2021-07-16,
MRK, phase6, 2021-07-16,
IPSEY, phase6, 2021-07-20,
AZN, phase6, 2021-07-23,
ABBV, phase6, 2021-07-23,
INCY, phase6, 2021-07-23,
MRK, phase6, 2021-07-27,
SLGL, phase6, 2021-07-27,
ABBV, phase6, 2021-07-29,
GSK, phase6, 2021-07-29,
JNJ, phase6, 2021-07-31,
SNY, phase6, 2021-08-06,
AZN, phase6, 2021-08-11,
FGEN, phase6, 2021-08-11,
MRK, phase6, 2021-08-11,
JAZZ, phase6, 2021-08-12,
CARM, phase6, 2021-08-13,
MRK, phase6, 2021-08-13,
PFE, phase6, 2021-08-13,
GSK, phase6, 2021-08-17,
ANAB, phase6, 2021-08-17,
LLY, phase6, 2021-08-18,
BMY, phase6, 2021-08-20,
XERS, phase6, 2021-08-23,
CARA, phase6, 2021-08-23,
ASND, phase6, 2021-08-25,
MRK, phase6, 2021-08-31,
BGNE, phase6, 2021-09-01,
IMPL, phase6, 2021-09-03,
MGNX, phase6, 2021-09-07,
ZLAB, phase6, 2021-09-07,
BGNE, phase6, 2021-09-15,
TAK, phase6, 2021-09-15,
BIIB, phase6, 2021-09-20,
PFE, phase6, 2021-09-20,
GMAB, phase6, 2021-09-20,
INCY, phase6, 2021-09-21,
INCY, phase6, 2021-09-22,
AMGN, phase6, 2021-09-24,
LLY, phase6, 2021-09-28,
PFE, phase6, 2021-09-28,
ABBV, phase6, 2021-09-28,
MIRM, phase6, 2021-09-29,
TGTX, phase4, 2021-09-30,
GILD, phase6, 2021-10-01,
AMGN, phase6, 2021-10-08,
OCUL, phase6, 2021-10-11,
LLY, phase6, 2021-10-13,
MRK, phase6, 2021-10-13,
RHHBY, phase6, 2021-10-15,
OMER, phase6, 2021-10-18,
VTRS, phase6, 2021-10-18,
OYST, phase6, 2021-10-18,
ADMP, phase6, 2021-10-18,
REGN, phase6, 2021-10-20,
SNY, phase6, 2021-10-20,
JNJ, phase6, 2021-10-20,
RHHBY, phase6, 2021-10-22,
AGEN, phase4, 2021-10-22,
BHC, phase6, 2021-10-25,
CLSD, phase6, 2021-10-25,
ABBV, phase6, 2021-10-29,
LQDA, phase6, 2021-11-08,
ETON, phase6, 2021-11-08,
MRK, phase6, 2021-11-18,
BMRN, phase6, 2021-11-19,
AADI, phase6, 2021-11-23,
TAK, phase6, 2021-11-23,
VBIV, phase6, 2021-12-01,
AMGN, phase6, 2021-12-01,
HALO, phase6, 2021-12-01,
BYSI, phase6, 2021-12-01,
ABCL, phase6, 2021-12-03,
LLY, phase6, 2021-12-03,
MRK, phase6, 2021-12-03,
DARE, phase6, 2021-12-07,
VERU, phase6, 2021-12-13,
PFE, phase6, 2021-12-14,
ABBV, phase6, 2021-12-15,
EGRX, phase6, 2021-12-15,
BMY, phase6, 2021-12-15,
CALT, phase6, 2021-12-15,
AMGN, phase6, 2021-12-17,
AZN, phase6, 2021-12-17,
ARGX, phase6, 2021-12-17,
ZLAB, phase6, 2021-12-17,
PFE, phase6, 2021-12-17,
ITCI, phase6, 2021-12-20,
CHRS, phase6, 2021-12-20,
AMGN, phase6, 2021-12-20,
ANIP, phase6, 2021-12-21,
JAGX, phase6, 2021-12-21,
GSK, phase6, 2021-12-21,
PFE, phase6, 2021-12-21,
TAK, phase6, 2021-12-21,
ALNY, phase6, 2021-12-22,
NVS, phase6, 2021-12-22,
XERS, phase6, 2021-12-30,
ABBV, phase6, 2022-01-14,
PFE, phase6, 2022-01-14,
ABBV, phase6, 2022-01-21,
GILD, phase6, 2022-01-21,
INCY, phase4, 2022-01-25,
IMCR, phase6, 2022-01-26,
RHHBY, phase6, 2022-01-28,
TAK, phase6, 2022-01-31,
RHHBY, phase6, 2022-01-31,
MRNA, phase6, 2022-01-31,
GSK, phase6, 2022-02-01,
PFE, phase6, 2022-02-01,
VTRS, phase6, 2022-02-03,
GSK, phase6, 2022-02-11,
LLY, phase6, 2022-02-11,
VIR, phase6, 2022-02-11,
FBIO, phase6, 2022-02-15,
ATXI, phase6, 2022-02-15,
AGIO, phase6, 2022-02-17,
MNKKQ, phase6, 2022-02-22,
LLY, phase6, 2022-02-24,
BIIB, phase6, 2022-02-25,
LEGN, phase6, 2022-02-28,
GILD, phase6, 2022-03-01,
BMY, phase6, 2022-03-04,
AZN, phase6, 2022-03-11,
MRK, phase6, 2022-03-11,
AZN, phase6, 2022-03-14,
VTRS, phase6, 2022-03-15,
ABBV, phase6, 2022-03-16,
MRNS, phase6, 2022-03-18,
BMY, phase6, 2022-03-18,
MRK, phase6, 2022-03-21,
NVS, phase6, 2022-03-23,
LLY, phase6, 2022-03-24,
NVO, phase6, 2022-03-28,
HALO, phase6, 2022-03-29,
LPCN, phase6, 2022-03-29,
GSK, phase6, 2022-03-29,
PFE, phase6, 2022-03-29,
GILD, phase6, 2022-04-01,
BTAI, phase6, 2022-04-06,
NVS, phase6, 2022-04-06,
ETON, phase6, 2022-04-11,
BMY, phase6, 2022-04-11,
AMRX, phase6, 2022-04-13,
BMY, phase6, 2022-04-28,
LIAN, phase6, 2022-04-28,
AZN, phase6, 2022-04-28,
ABBV, phase6, 2022-04-29,
AXSM, phase6, 2022-05-02,
AZN, phase6, 2022-05-05,
INCY, phase6, 2022-05-11,
LLY, phase6, 2022-05-13,
SIGA, phase6, 2022-05-19,
REGN, phase6, 2022-05-20,
SNY, phase6, 2022-05-20,
UTHR, phase6, 2022-05-24,
MNKD, phase6, 2022-05-24,
AMPH, phase6, 2022-05-24,
ROIV, phase6, 2022-05-24,
AMRX, phase6, 2022-05-27,
BMY, phase6, 2022-05-27,
ETON, phase6, 2022-05-27,
RHHBY, phase6, 2022-05-31,
PTCT, phase6, 2022-05-31,
AMGN, phase6, 2022-06-06,
GSK, phase6, 2022-06-06,
REGN, phase6, 2022-06-07,
LLY, phase6, 2022-06-13,
INCY, phase6, 2022-06-13,
ALNY, phase6, 2022-06-14,
LLY, phase6, 2022-06-14,
INCY, phase6, 2022-06-14,
RYTM, phase6, 2022-06-16,
PFE, phase6, 2022-06-17,
BNTX, phase6, 2022-06-17,
ABBV, phase6, 2022-06-17,
MRK, phase6, 2022-06-22,
ANIP, phase6, 2022-06-22,
NVS, phase6, 2022-06-22,
BMY, phase6, 2022-06-24,
SPRO, phase6, 2022-06-27,
AMGN, phase6, 2022-07-08,
NVAX, phase6, 2022-07-13,
ETON, phase6, 2022-07-18,
INCY, phase6, 2022-07-19,
GSK, phase6, 2022-07-27,
JNJ, phase6, 2022-08-01,
CHRS, phase6, 2022-08-02,
ABBV, phase6, 2022-08-03,
ACAD, phase6, 2022-08-05,
AZN, phase6, 2022-08-05,
PFE, phase6, 2022-08-05,
RHHBY, phase6, 2022-08-11,
AZN, phase6, 2022-08-12,
BLUE, phase6, 2022-08-17,
AXSM, phase6, 2022-08-19,
JNJ, phase6, 2022-08-24,
INCY, phase6, 2022-08-26,
AQST, phase6, 2022-08-31,
VRTX, phase6, 2022-09-02,
RVNC, phase6, 2022-09-08,
SPPI, phase6, 2022-09-09,
ASRT, phase6, 2022-09-09,
BMY, phase6, 2022-09-10,
HRTX, phase6, 2022-09-16,
BLUE, phase6, 2022-09-17,
FENC, phase6, 2022-09-20,
LLY, phase6, 2022-09-21,
REGN, phase6, 2022-09-28,
SNY, phase6, 2022-09-28,
CPRX, phase6, 2022-09-29,
AMLX, phase6, 2022-09-29,
SUPN, phase6, 2022-10-10,
GSK, phase6, 2022-10-17,
ABBV, phase6, 2022-10-21,
AZN, phase6, 2022-10-24,
REGN, phase6, 2022-10-27,
SNY, phase6, 2022-10-27,
GILD, phase6, 2022-11-02,
AMRX, phase6, 2022-11-02,
PFE, phase6, 2022-11-10,
AZN, phase6, 2022-11-11,
ABBV, phase6, 2022-11-14,
SNY, phase6, 2022-11-17,
JAZZ, phase6, 2022-11-18,
QURE, phase6, 2022-11-22,
SCYX, phase6, 2022-12-01,
RIGL, phase6, 2022-12-01,
NVO, phase6, 2022-12-01,
YMAB, phase6, 2022-12-01,
PFE, phase6, 2022-12-08,
BNTX, phase6, 2022-12-08,
BMY, phase6, 2022-12-13,
ZLAB, phase6, 2022-12-13,
ADMA, phase6, 2022-12-13,
ABBV, phase6, 2022-12-19,
ANIP, phase6, 2022-12-20,
RHHBY, phase6, 2022-12-23,
ZVRA, phase6, 2022-12-23,
RLFTF, phase6, 2022-12-23,
MRK, phase6, 2023-01-19,
PFE, phase6, 2023-01-19,
BGNE, phase6, 2023-01-19,
LLY, phase6, 2023-01-20,
MRK, phase6, 2023-01-27,
LLY, phase6, 2023-01-27,
CNTX, phase6, 2023-01-31,
GSK, phase6, 2023-02-01,
GILD, phase6, 2023-02-03,
TAK, phase6, 2023-02-03,
REGN, phase6, 2023-02-08,
GSK, phase6, 2023-02-10,
ANAB, phase6, 2023-02-10,
PFE, phase6, 2023-02-10,
TVTX, phase6, 2023-02-17,
APLS, phase6, 2023-02-17,
TEVA, phase6, 2023-02-17,
SNY, phase6, 2023-02-23,
REGN, phase6, 2023-02-28,
CYTK, phase6, 2023-02-28,
AMGN, phase6, 2023-02-28,
LLY, phase6, 2023-03-03,
MRK, phase6, 2023-03-06,
CHRS, phase6, 2023-03-06,
AMPH, phase6, 2023-03-07,
PFE, phase6, 2023-03-10,
RHHBY, phase4, 2023-03-10,
ACAD, phase6, 2023-03-10,
NVS, phase6, 2023-03-17,
NVS, phase6, 2023-03-21,
REGN, phase6, 2023-03-22,
ABBV, phase6, 2023-03-22,
INCY, phase6, 2023-03-22,
CDTX, phase6, 2023-03-22,
INCY, phase6, 2023-03-23,
PHAR, phase6, 2023-03-24,
EBS, phase6, 2023-03-29,
MRK, phase6, 2023-03-29,
PFE, phase6, 2023-04-03,
JNJ, phase6, 2023-04-03,
TAK, phase6, 2023-04-11,
LLY, phase6, 2023-04-13,
IGXT, phase6, 2023-04-17,
GMDA, phase6, 2023-04-17,
ABBV, phase6, 2023-04-18,
RHHBY, phase6, 2023-04-19,
ANIP, phase6, 2023-04-24,
QTRX, phase6, 2023-04-25,
BIIB, phase6, 2023-04-25,
IONS, phase6, 2023-04-25,
MCRB, phase6, 2023-04-26,
PFE, phase6, 2023-04-27,
TEVA, phase6, 2023-04-28,
NVO, phase6, 2023-04-28,
AVDL, phase6, 2023-05-01,
AGEN, phase6, 2023-05-03,
GSK, phase6, 2023-05-03,
VRTX, phase6, 2023-05-03,
NVO, phase6, 2023-05-04,
EYEN, phase6, 2023-05-08,
AZN, phase6, 2023-05-09,
PLX, phase6, 2023-05-10,
ANIP, phase6, 2023-05-15,
CPIX, phase6, 2023-05-15,
ABBV, phase6, 2023-05-15,
ABBV, phase6, 2023-05-18,
KRYS, phase6, 2023-05-19,
ADPT, phase6, 2023-05-19,
ABBV, phase6, 2023-05-19,
GMAB, phase6, 2023-05-19,
ABBV, phase6, 2023-05-22,
GMAB, phase6, 2023-05-22,
BPMC, phase6, 2023-05-22,
OPNT, phase6, 2023-05-23,
INDV, phase6, 2023-05-23,
INVA, phase6, 2023-05-24,
ZLAB, phase6, 2023-05-24,
PFE, phase6, 2023-05-25,
LXRX, phase6, 2023-05-26,
EGRX, phase6, 2023-05-31,
AZN, phase6, 2023-06-01,
MRK, phase6, 2023-06-01,
PFE, phase6, 2023-06-01,
MRK, phase6, 2023-06-05,
ABBV, phase6, 2023-06-12,
IRWD, phase6, 2023-06-12,
IPSEY, phase6, 2023-06-13,
AMRX, phase6, 2023-06-14,
RHHBY, phase6, 2023-06-16,
BMY, phase6, 2023-06-16,
LIAN, phase6, 2023-06-16,
HALO, phase6, 2023-06-20,
ARGX, phase6, 2023-06-20,
ZLAB, phase6, 2023-06-20,
PFE, phase6, 2023-06-20,
AMGN, phase6, 2023-06-21,
ALDX, phase6, 2023-06-21,
LLY, phase6, 2023-06-21,
RHHBY, phase6, 2023-06-22,
SRPT, phase6, 2023-06-22,
PFE, phase6, 2023-06-23,
CLVS, phase5, 2023-06-26,
ETON, phase6, 2023-06-28,
PFE, phase6, 2023-06-28,
OPK, phase6, 2023-06-28,
BIIB, phase6, 2023-06-28,
BHC, phase6, 2023-06-29,
BLCO, phase6, 2023-06-29,
BMRN, phase6, 2023-06-29,
AMRX, phase6, 2023-07-03,
MRNA, phase4, 2023-07-05,
BIIB, phase6, 2023-07-06,
GILD, phase6, 2023-07-14,
AZN, phase6, 2023-07-17,
EBS, phase6, 2023-07-21,
VRCA, phase6, 2023-07-21,
TARS, phase6, 2023-07-25,
LIAN, phase6, 2023-07-25,
ABEO, phase4, 2023-07-28,
CTXR, phase6, 2023-07-29,
GSK, phase6, 2023-07-31,
ANAB, phase6, 2023-07-31,
MRK, phase6, 2023-08-03,
LUMO, phase6, 2023-08-03,
MESO, phase6, 2023-08-03,
SAGE, phase6, 2023-08-04,
BIIB, phase6, 2023-08-04,
GRTX, phase6, 2023-08-09,
JNJ, phase6, 2023-08-10,
JNJ, phase6, 2023-08-11,
RVNC, phase6, 2023-08-14,
ADPT, phase6, 2023-08-14,
PFE, phase6, 2023-08-14,
DCTH, phase6, 2023-08-14,
IPSEY, phase6, 2023-08-16,
NBIX, phase6, 2023-08-18,
REGN, phase6, 2023-08-18,
PFE, phase6, 2023-08-21,
GILD, phase6, 2023-08-24,
AKBA, phase4, 2023-08-24,
NVS, phase6, 2023-08-25,
ANIP, phase6, 2023-08-28,
BMY, phase6, 2023-08-28,
MRK, phase6, 2023-08-28,
VTRS, phase6, 2023-09-05,
AZN, phase6, 2023-09-06,
RHHBY, phase4, 2023-09-06,
APLT, phase4, 2023-09-06,
AMRX, phase6, 2023-09-06,
BLRX, phase6, 2023-09-11,
PFE, phase6, 2023-09-11,
BNTX, phase6, 2023-09-11,
MRNA, phase6, 2023-09-11,
ANIP, phase6, 2023-09-12,
MDGL, phase5, 2023-09-13,
GSK, phase6, 2023-09-15,
RDHL, phase6, 2023-09-18,
IGXT, phase5, 2023-09-19,
LLY, phase6, 2023-09-22,
APLIF, phase6, 2023-09-25,
LQDA, phase5, 2023-09-25,
VTRS, phase6, 2023-09-27,
OCUP, phase6, 2023-09-27,
TAK, phase6, 2023-09-27,
BCLI, phase5, 2023-09-27,
MRK, phase5, 2023-09-28,
FOLD, phase6, 2023-09-28,
BIIB, phase6, 2023-09-29,
ANIP, phase6, 2023-10-02,
LLY, phase6, 2023-10-02,
APLS, phase6, 2023-10-02,
IPSEY, phase6, 2023-10-03,
NVAX, phase6, 2023-10-03,
ARQT, phase6, 2023-10-06,
ALNY, phase6, 2023-10-09,
BFRI, phase6, 2023-10-10,
PFE, phase6, 2023-10-12,
PFE, phase6, 2023-10-13,
BMY, phase6, 2023-10-16,
MRK, phase6, 2023-10-16,
ARDX, phase6, 2023-10-17,
PFE, phase6, 2023-10-20,
REGN, phase6, 2023-10-20,
SNY, phase6, 2023-10-20,
BHC, phase6, 2023-10-20,
BMRN, phase6, 2023-10-23,
IBRX, phase4, 2023-10-23,
CPRX, phase6, 2023-10-26,
EWTX, phase6, 2023-10-26,
CHRS, phase6, 2023-10-27,
RHHBY, phase6, 2023-10-27,
PHAT, phase6, 2023-10-30,
CHRS, phase6, 2023-10-30,
NVS, phase6, 2023-10-31,
MRK, phase6, 2023-11-01,
PHAT, phase6, 2023-11-01,
EYEN, phase6, 2023-11-02,
LLY, phase6, 2023-11-02,
HCM, phase6, 2023-11-08,
TAK, phase6, 2023-11-08,
TAK, phase6, 2023-11-09,
VALN, phase6, 2023-11-10,
PCRX, phase6, 2023-11-10,
CRMD, phase6, 2023-11-15,
BMY, phase6, 2023-11-15,
ZLAB, phase6, 2023-11-15,
CMMB, phase0, 2023-11-16,
PFE, phase6, 2023-11-16,
ALPMY, phase6, 2023-11-16,
MRK, phase6, 2023-11-17,
AZN, phase6, 2023-11-17,
TEVA, phase6, 2023-11-17,
AIMD, phase0, 2023-11-21,
IMMX, phase0, 2023-11-21,
TRDA, phase0, 2023-11-22,
ALDX, phase6, 2023-11-27,
SWTX, phase6, 2023-11-27,
QURE, phase0, 2023-11-29,
GTBP, phase0, 2023-12-04,
OPTN, phase5, 2023-12-06,
NVS, phase6, 2023-12-06,
SNY, phase6, 2023-12-06,
SLDB, phase0, 2023-12-07,
CRSP, phase6, 2023-12-08,
VRTX, phase6, 2023-12-08,
BLUE, phase6, 2023-12-08,
ASND, phase5, 2023-12-11,
SHPH, phase0, 2023-12-11,
ACHV, phase4, 2023-12-12,
IMRX, phase0, 2023-12-12,
QNRX, phase0, 2023-12-13,
ESPR, phase6, 2023-12-13,
GKOS, phase6, 2023-12-14,
MRK, phase6, 2023-12-14,
MRK, phase6, 2023-12-15,
PFE, phase6, 2023-12-15,
ALPMY, phase6, 2023-12-15,
ARQT, phase6, 2023-12-15,
FBIO, phase6, 2023-12-18,
CKPT, phase6, 2023-12-18,
PBLA, phase6, 2023-12-18,
MRK, phase6, 2023-12-20,
CALT, phase6, 2023-12-20,
BGNE, phase6, 2023-12-22,
AZN, phase6, 2023-12-22,
IONS, phase6, 2023-12-22,
RHHBY, phase4, 2023-12-22,
SRPT, phase4, 2023-12-22,
MIST, phase4, 2023-12-26,
AMGN, phase6, 2023-12-26,
CHRS, phase6, 2023-12-26,
SNDX, phase4, 2023-12-29,
SNDX, phase4, 2024-01-02,
INCY, phase4, 2024-01-02,
FBIO, phase4, 2024-01-05,
DERM, phase4, 2024-01-05,
NOVN, phase6, 2024-01-05,
LGND, phase6, 2024-01-05,
VERU, phase0, 2024-01-08,
NUVB, phase0, 2024-01-08,
ALPMY, phase6, 2024-01-09,
MDWD, phase4, 2024-01-09,
CRBP, phase0, 2024-01-09,
MRK, phase6, 2024-01-12,
ANIP, phase6, 2024-01-16,
HALO, phase6, 2024-01-16,
TAK, phase6, 2024-01-16,
CRSP, phase6, 2024-01-16,
VRTX, phase6, 2024-01-16,