NKTR, phase3, 2015-03-17, 
NYMX, phase3, 2015-07-27, 
CHRS, phase3, 2016-01-11, 
JAZZ, phase3, 2016-03-14, 
MRNS, phase3, 2016-06-13, 
NVAX, phase3, 2016-09-15, 
ACOR, phase3, 2016-11-21, 
OPK, phase3, 2016-12-30, 
NOVN, phase3, 2017-01-27, 
TENX, phase3, 2017-01-31, 
JNJ, phase3, 2017-02-08, 
CMRX, phase3, 2017-02-22, 
PTCT, phase3, 2017-03-02, 
JAZZ, phase3, 2017-03-20, 
NVS, phase3, 2017-03-22, 
NKTR, phase3, 2017-04-05, 
AEZS, phase3, 2017-05-01, 
AZN, phase3, 2017-05-10, 
ARDX, phase3, 2017-05-12, 
RDHL, phase3, 2017-06-14, 
PFE, phase3, 2017-06-19, 
MRK, phase3, 2017-07-24, 
TLPH, phase3, 2017-08-01, 
ALPMY, phase3, 2017-08-14, 
REGN, phase3, 2017-08-14, 
RARE, phase3, 2017-08-22, 
SAGE, phase3, 2017-09-12, 
FOLD, phase3, 2017-09-13, 
ARAV, phase3, 2017-09-21, 
NVO, phase3, 2017-09-29, 
BMY, phase3, 2017-10-28, 
SAGE, phase3, 2017-11-09, 
ACOR, phase3, 2017-11-15, 
CYTK, phase3, 2017-11-21, 
NKTR, phase3, 2017-11-24, 
PFE, phase3, 2017-11-28, 
LLY, phase3, 2017-12-08, 
MRK, phase3, 2017-12-14, 
CERS, phase3, 2018-01-23, 
OBSV, phase3, 2018-02-26, 
NTBL, phase3, 2018-03-08, 
MRK, phase3, 2018-04-06, 
INCY, phase3, 2018-04-06, 
PFE, phase3, 2018-04-10, 
RHHBY, phase3, 2018-05-10, 
EXEL, phase3, 2018-05-10, 
AZN, phase3, 2018-05-11, 
AZN, phase3, 2018-05-30, 
AZN, phase3, 2018-06-11, 
LLY, phase3, 2018-06-11, 
VTVT, phase3, 2018-06-12, 
TEVA, phase3, 2018-06-15, 
ABBV, phase3, 2018-07-11, 
JNJ, phase3, 2018-07-11, 
AZN, phase3, 2018-07-26, 
TNXP, phase3, 2018-07-27, 
RDHL, phase3, 2018-07-30, 
BLPH, phase3, 2018-08-07, 
NVS, phase3, 2018-08-23, 
LNTH, phase3, 2018-09-12, 
GERN, phase3, 2018-09-27, 
PFE, phase3, 2018-09-28, 
BMY, phase3, 2018-10-12, 
RARE, phase3, 2018-10-26, 
AZN, phase3, 2018-11-16, 
BMY, phase3, 2018-11-26, 
AZN, phase3, 2018-12-07, 
LLY, phase3, 2018-12-17, 
AZN, phase3, 2018-12-20, 
PFE, phase3, 2018-12-21, 
SAGE, phase3, 2019-01-07, 
RHHBY, phase3, 2019-01-30, 
ACIU, phase3, 2019-01-30, 
GILD, phase3, 2019-02-11, 
LLY, phase3, 2019-02-19, 
PFE, phase3, 2019-02-19, 
MRK, phase3, 2019-02-19, 
NVAX, phase3, 2019-02-28, 
BIIB, phase3, 2019-03-21, 
UTHR, phase3, 2019-04-08, 
TCON, phase3, 2019-04-12, 
MRK, phase3, 2019-04-25, 
GILD, phase3, 2019-04-25, 
NVS, phase3, 2019-05-05, 
ABBV, phase3, 2019-05-17, 
CARA, phase3, 2019-05-19, 
MRK, phase3, 2019-05-20, 
OCUL, phase3, 2019-05-20, 
RHHBY, phase3, 2019-06-04, 
RHHBY, phase3, 2019-06-13, 
VBIV, phase3, 2019-06-17, 
IRWD, phase3, 2019-06-18, 
RHHBY, phase3, 2019-06-20, 
EXEL, phase3, 2019-06-20, 
BMY, phase3, 2019-06-24, 
ALDX, phase3, 2019-06-25, 
PFE, phase3, 2019-06-28, 
ITCI, phase3, 2019-07-08, 
SLGL, phase3, 2019-07-08, 
ITCI, phase3, 2019-07-08, 
AMGN, phase3, 2019-07-11, 
NVS, phase3, 2019-07-11, 
ACAD, phase3, 2019-07-22, 
TAK, phase3, 2019-07-22, 
JNJ, phase3, 2019-07-26, 
ALKS, phase3, 2019-07-30, 
PFE, phase3, 2019-08-02, 
GLYC, phase3, 2019-08-02, 
LLY, phase3, 2019-08-05, 
RHHBY, phase3, 2019-08-05, 
NCNA, phase3, 2019-08-20, 
AZN, phase3, 2019-08-21, 
TVTX, phase3, 2019-08-22, 
ARDX, phase3, 2019-09-03, 
QLGN, phase3, 2019-09-12, 
BIIB, phase3, 2019-09-13, 
BIIB, phase3, 2019-09-13, 
AMGN, phase3, 2019-09-24, 
RHHBY, phase3, 2019-09-29, 
RHHBY, phase3, 2019-09-30, 
AGIO, phase3, 2019-09-30, 
MDT, phase3, 2019-10-07, 
LLY, phase3, 2019-10-16, 
NVS, phase3, 2019-10-22, 
CPRX, phase3, 2019-10-30, 
NVS, phase3, 2019-11-01, 
HALO, phase3, 2019-11-04, 
SUPN, phase3, 2019-11-05, 
OBSV, phase3, 2019-11-06, 
ALNA, phase3, 2019-11-07, 
TAK, phase3, 2019-11-08, 
PFE, phase3, 2019-11-08, 
ASLN, phase3, 2019-11-11, 
MOR, phase3, 2019-11-18, 
INVA, phase3, 2019-11-25, 
SAGE, phase3, 2019-12-05, 
ITRM, phase3, 2019-12-10, 
LLY, phase3, 2019-12-13, 
NVS, phase3, 2019-12-16, 
INCY, phase3, 2020-01-02, 
MRK, phase3, 2020-01-06, 
HCM, phase3, 2020-01-20, 
BGNE, phase3, 2020-01-21, 
RHHBY, phase3, 2020-01-24, 
SNY, phase3, 2020-01-30, 
LNTH, phase3, 2020-02-03, 
UTHR, phase3, 2020-02-03, 
PFE, phase3, 2020-02-10, 
BHVN, phase3, 2020-02-10, 
RHHBY, phase3, 2020-02-10, 
LLY, phase3, 2020-02-10, 
TEVA, phase3, 2020-02-19, 
SUPN, phase3, 2020-02-25, 
VNDA, phase3, 2020-02-25, 
AZN, phase3, 2020-03-06, 
BMY, phase3, 2020-03-09, 
TAK, phase3, 2020-03-10, 
AZN, phase3, 2020-03-12, 
PFE, phase3, 2020-03-13, 
NVAX, phase3, 2020-03-24, 
BIIB, phase3, 2020-03-30, 
REGN, phase3, 2020-04-27, 
SNY, phase3, 2020-04-27, 
BPMC, phase3, 2020-04-28, 
SUPN, phase3, 2020-05-05, 
GNFT, phase3, 2020-05-11, 
NVO, phase3, 2020-05-13, 
GLPG, phase3, 2020-05-20, 
GILD, phase3, 2020-05-20, 
SNDX, phase3, 2020-05-21, 
PFE, phase3, 2020-05-29, 
ITRM, phase3, 2020-06-01, 
OCGN, phase3, 2020-06-01, 
BLUE, phase3, 2020-06-11, 
RHHBY, phase3, 2020-06-18, 
RHHBY, phase3, 2020-06-19, 
PFE, phase3, 2020-06-24, 
BHVN, phase3, 2020-06-24, 
MEIP, phase3, 2020-07-02, 
REGN, phase3, 2020-07-02, 
SNY, phase3, 2020-07-02, 
LLY, phase3, 2020-07-17, 
ACAD, phase3, 2020-07-20, 
RHHBY, phase3, 2020-07-29, 
REGN, phase3, 2020-08-05, 
TEVA, phase3, 2020-08-05, 
RHHBY, phase3, 2020-08-06, 
CPRX, phase3, 2020-08-10, 
RHHBY, phase3, 2020-08-10, 
VNDA, phase3, 2020-08-18, 
ONTX, phase3, 2020-08-24, 
OTLK, phase3, 2020-08-26, 
ACST, phase3, 2020-08-31, 
REGN, phase3, 2020-09-01, 
SNY, phase3, 2020-09-01, 
CRBP, phase3, 2020-09-08, 
BGNE, phase3, 2020-09-17, 
RHHBY, phase3, 2020-09-18, 
ALC, phase3, 2020-09-24, 
PFE, phase3, 2020-09-28, 
IRWD, phase3, 2020-09-29, 
ALNY, phase3, 2020-09-30, 
BMY, phase3, 2020-10-02, 
PFE, phase3, 2020-10-09, 
SCNI, phase3, 2020-10-23, 
ATXS, phase3, 2020-10-26, 
LLY, phase3, 2020-10-26, 
AUPH, phase3, 2020-11-02, 
KPTI, phase3, 2020-11-02, 
BMY, phase3, 2020-11-03, 
MRK, phase3, 2020-11-09, 
JAZZ, phase3, 2020-11-12, 
BLPH, phase3, 2020-11-23, 
OVID, phase3, 2020-12-01, 
JAZZ, phase3, 2020-12-03, 
PLUR, phase3, 2020-12-09, 
XBIO, phase3, 2020-12-09, 
LLY, phase3, 2020-12-09, 
SVRA, phase3, 2020-12-10, 
AKTX, phase3, 2020-12-11, 
INCY, phase3, 2020-12-14, 
CLVS, phase3, 2020-12-21, 
TNXP, phase3, 2020-12-21, 
SNGX, phase3, 2020-12-22, 
SUPN, phase3, 2020-12-22, 
AMGN, phase3, 2020-12-22, 
BMY, phase3, 2020-12-23, 
OBSV, phase3, 2021-01-10, 
PFE, phase3, 2021-01-18, 
BHVN, phase3, 2021-01-18, 
GSK, phase3, 2021-01-20, 
RHHBY, phase3, 2021-01-25, 
AZN, phase3, 2021-02-05, 
PLX, phase3, 2021-02-10, 
BLUE, phase3, 2021-02-16, 
GKOS, phase3, 2021-02-25, 
SCYX, phase3, 2021-03-02, 
GSK, phase3, 2021-03-03, 
MOLN, phase3, 2021-03-03, 
VIR, phase3, 2021-03-03, 
PFE, phase3, 2021-03-03, 
FULC, phase3, 2021-03-04, 
NVS, phase3, 2021-03-09, 
BLUE, phase3, 2021-03-14, 
REGN, phase3, 2021-03-15, 
SNY, phase3, 2021-03-15, 
RHHBY, phase3, 2021-03-22, 
IONS, phase3, 2021-03-22, 
BRNS, phase3, 2021-03-22, 
AZN, phase3, 2021-03-22, 
LLY, phase3, 2021-04-08, 
INCY, phase3, 2021-04-08, 
AZN, phase3, 2021-04-12, 
BGNE, phase3, 2021-04-12, 
BHC, phase3, 2021-04-13, 
MRK, phase3, 2021-04-14, 
FRTX, phase3, 2021-04-23, 
MESO, phase3, 2021-04-29, 
MRK, phase3, 2021-05-20, 
PCRX, phase3, 2021-05-26, 
SNY, phase3, 2021-06-01, 
BGNE, phase3, 2021-06-04, 
BIIB, phase3, 2021-06-14, 
AZN, phase3, 2021-06-15, 
TARS, phase3, 2021-06-21, 
CORT, phase3, 2021-06-22, 
CRBP, phase3, 2021-06-24, 
ELTX, phase3, 2021-06-29, 
OCGN, phase3, 2021-07-02, 
SCPH, phase3, 2021-07-13, 
BMY, phase3, 2021-07-16, 
MRK, phase3, 2021-07-22, 
LLY, phase3, 2021-07-28, 
PFE, phase3, 2021-07-28, 
INSM, phase3, 2021-07-31, 
AZN, phase3, 2021-08-02, 
VALN, phase3, 2021-08-05, 
NVS, phase3, 2021-08-17, 
AZN, phase3, 2021-08-20, 
NVS, phase3, 2021-08-23, 
PFE, phase3, 2021-08-30, 
TAK, phase3, 2021-09-01, 
AMGN, phase3, 2021-09-05, 
AZN, phase3, 2021-09-05, 
TBPH, phase3, 2021-09-15, 
BMY, phase3, 2021-09-16, 
EXEL, phase3, 2021-09-16, 
BMY, phase3, 2021-09-16, 
MGNX, phase3, 2021-09-16, 
JNJ, phase3, 2021-09-16, 
AZN, phase3, 2021-09-17, 
CHRS, phase3, 2021-09-17, 
PFE, phase3, 2021-09-17, 
AZN, phase3, 2021-09-18, 
REGN, phase3, 2021-09-19, 
SNY, phase3, 2021-09-19, 
MRK, phase3, 2021-09-19, 
TGTX, phase3, 2021-09-20, 
EXEL, phase3, 2021-09-20, 
TAK, phase3, 2021-09-20, 
PCRX, phase3, 2021-09-21, 
JNJ, phase3, 2021-09-21, 
DVAX, phase3, 2021-09-22, 
GSK, phase3, 2021-09-22, 
PFE, phase3, 2021-09-27, 
BHVN, phase3, 2021-09-27, 
IVVD, phase3, 2021-09-29, 
PFE, phase3, 2021-09-29, 
ABBV, phase3, 2021-09-30, 
ARQT, phase3, 2021-09-30, 
RHHBY, phase3, 2021-09-30, 
REGN, phase3, 2021-09-30, 
FRTX, phase3, 2021-10-07, 
FRTX, phase3, 2021-10-07, 
OTLK, phase3, 2021-10-12, 
CVAC, phase3, 2021-10-12, 
BIIB, phase3, 2021-10-13, 
NRXP, phase3, 2021-10-14, 
EDSA, phase3, 2021-10-19, 
BIIB, phase3, 2021-10-20, 
OBSV, phase3, 2021-10-20, 
OBSV, phase3, 2021-10-20, 
OBSV, phase3, 2021-10-20, 
UTHR, phase3, 2021-10-21, 
MRK, phase3, 2021-10-25, 
NVS, phase3, 2021-10-25, 
ERYP, phase3, 2021-10-25, 
NVS, phase3, 2021-10-26, 
ELTX, phase3, 2021-10-26, 
RFL, phase3, 2021-10-28, 
SNY, phase3, 2021-10-29, 
ATRA, phase3, 2021-11-04, 
ALNY, phase3, 2021-11-05, 
RVNC, phase3, 2021-11-09, 
QNCX, phase3, 2021-11-11, 
SRNE, phase3, 2021-11-12, 
GYRE, phase3, 2021-11-12, 
ADTX, phase3, 2021-11-12, 
IONS, phase3, 2021-11-13, 
MIST, phase3, 2021-11-15, 
AMRN, phase3, 2021-11-16, 
AZN, phase3, 2021-11-18, 
ATNXQ, phase3, 2021-11-22, 
ABBV, phase3, 2021-11-30, 
ATNF, phase3, 2021-12-01, 
MOR, phase3, 2021-12-11, 
AZN, phase3, 2021-12-12, 
ABBV, phase3, 2021-12-13, 
INO, phase3, 2021-12-14, 
CNTA, phase3, 2021-12-14, 
GSK, phase3, 2021-12-15, 
SNY, phase3, 2021-12-15, 
ALLK, phase3, 2021-12-21, 
ALLK, phase3, 2021-12-21, 
KNSA, phase3, 2021-12-28, 
MOLN, phase3, 2022-01-10, 
PFE, phase3, 2022-01-12, 
MRK, phase3, 2022-01-18, 
AZN, phase3, 2022-01-18, 
FGEN, phase3, 2022-01-26, 
AVXL, phase3, 2022-02-01, 
VNDA, phase3, 2022-02-04, 
RDHL, phase3, 2022-02-07, 
MRK, phase3, 2022-02-08, 
PFE, phase3, 2022-02-08, 
AZN, phase3, 2022-02-10, 
GILD, phase3, 2022-02-16, 
SAGE, phase3, 2022-02-16, 
BIIB, phase3, 2022-02-16, 
REGN, phase3, 2022-02-18, 
SNY, phase3, 2022-02-18, 
RLMD, phase3, 2022-02-23, 
ABBV, phase3, 2022-02-24, 
BBIO, phase3, 2022-02-28, 
PFE, phase3, 2022-03-01, 
AMPE, phase3, 2022-03-02, 
NCNA, phase3, 2022-03-02, 
EXEL, phase3, 2022-03-14, 
TAK, phase3, 2022-03-14, 
BMY, phase3, 2022-03-14, 
NKTR, phase3, 2022-03-14, 
MRK, phase3, 2022-03-15, 
EIGR, phase3, 2022-03-17, 
ALNA, phase3, 2022-03-18, 
PLX, phase3, 2022-03-18, 
TNXP, phase3, 2022-03-21, 
MRNA, phase3, 2022-03-23, 
ARQT, phase3, 2022-03-25, 
PFE, phase3, 2022-03-29, 
MRK, phase3, 2022-04-01, 
CYTK, phase3, 2022-04-03, 
AMGN, phase3, 2022-04-03, 
BMY, phase3, 2022-04-03, 
ABBV, phase3, 2022-04-05, 
BMY, phase3, 2022-04-11, 
SYRE, phase3, 2022-04-11, 
PRQR, phase3, 2022-04-13, 
NKTR, phase3, 2022-04-14, 
AMGN, phase3, 2022-04-18, 
BGNE, phase3, 2022-04-19, 
OCUP, phase3, 2022-04-28, 
KOD, phase3, 2022-05-03, 
AXGN, phase3, 2022-05-04, 
SRNE, phase3, 2022-05-05, 
XERS, phase3, 2022-05-12, 
HRMY, phase3, 2022-05-13, 
ZYNE, phase3, 2022-05-13, 
AZN, phase3, 2022-05-16, 
GLMD, phase3, 2022-05-17, 
OCUP, phase3, 2022-05-19, 
ATHX, phase3, 2022-05-20, 
ALNY, phase3, 2022-05-23, 
NRXP, phase3, 2022-05-25, 
RLFTF, phase3, 2022-05-25, 
OBSV, phase3, 2022-05-25, 
RVMD, phase3, 2022-05-26, 
PLX, phase3, 2022-05-31, 
BMY, phase3, 2022-06-02, 
NVO, phase3, 2022-06-03, 
NVO, phase3, 2022-06-03, 
PFE, phase3, 2022-06-04, 
LLY, phase3, 2022-06-04, 
RFL, phase3, 2022-06-04, 
CLVS, phase3, 2022-06-06, 
BMY, phase3, 2022-06-06, 
PRAX, phase3, 2022-06-06, 
GILD, phase3, 2022-06-06, 
RVMD, phase3, 2022-06-06, 
BMY, phase3, 2022-06-07, 
RHHBY, phase3, 2022-06-07, 
ALDX, phase3, 2022-06-08, 
TAK, phase3, 2022-06-09, 
RHHBY, phase3, 2022-06-10, 
AGIO, phase3, 2022-06-10, 
PTCT, phase3, 2022-06-21, 
MRNA, phase3, 2022-06-22, 
AZN, phase3, 2022-06-23, 
MDGL, phase3, 2022-06-27, 
JAZZ, phase3, 2022-06-28, 
BGNE, phase3, 2022-06-30, 
HGEN, phase3, 2022-07-06, 
OPTN, phase3, 2022-07-08, 
ALDX, phase3, 2022-07-12, 
HGEN, phase3, 2022-07-13, 
CFRX, phase3, 2022-07-13, 
HRMY, phase3, 2022-07-18, 
ZYNE, phase3, 2022-07-18, 
NTBL, phase3, 2022-07-19, 
MRK, phase3, 2022-07-20, 
VTGN, phase3, 2022-07-22, 
PFE, phase3, 2022-07-28, 
IPHA, phase3, 2022-08-01, 
RHHBY, phase3, 2022-08-01, 
HALO, phase3, 2022-08-01, 
RHHBY, phase3, 2022-08-02, 
ACIU, phase3, 2022-08-02, 
MRK, phase3, 2022-08-03, 
MACK, phase3, 2022-08-03, 
RVMD, phase3, 2022-08-07, 
KRTX, phase3, 2022-08-08, 
NVS, phase3, 2022-08-12, 
NVS, phase3, 2022-08-15, 
SNY, phase3, 2022-08-17, 
DVAX, phase3, 2022-08-30, 
PYPD, phase3, 2022-09-02, 
SVRA, phase3, 2022-09-06, 
BMY, phase3, 2022-09-08, 
EXEL, phase3, 2022-09-08, 
TAK, phase3, 2022-09-08, 
ALLK, phase3, 2022-09-09, 
NVS, phase3, 2022-09-09, 
AMGN, phase3, 2022-09-09, 
MRK, phase3, 2022-09-10, 
AZN, phase3, 2022-09-16, 
JNJ, phase3, 2022-09-18, 
ZLDPF, phase3, 2022-09-19, 
VBIV, phase3, 2022-09-21, 
PCRX, phase3, 2022-09-21, 
PFE, phase3, 2022-09-29, 
BHVN, phase3, 2022-09-29, 
ZLDPF, phase3, 2022-09-30, 
APLS, phase3, 2022-09-30, 
NVO, phase3, 2022-10-03, 
EVFM, phase3, 2022-10-12, 
RLMD, phase3, 2022-10-13, 
SRPT, phase3, 2022-10-14, 
SAGE, phase3, 2022-10-17, 
BIIB, phase3, 2022-10-17, 
EYEN, phase3, 2022-10-20, 
SMMT, phase3, 2022-10-20, 
TCDA, phase3, 2022-10-24, 
MIRM, phase3, 2022-10-24, 
SCYX, phase3, 2022-10-24, 
ABBV, phase3, 2022-10-24, 
AZN, phase3, 2022-10-25, 
ANIK, phase3, 2022-11-01, 
AIMD, phase3, 2022-11-03, 
PFE, phase3, 2022-11-04, 
BNTX, phase3, 2022-11-04, 
LXRX, phase3, 2022-11-05, 
GSK, phase3, 2022-11-07, 
NVAX, phase3, 2022-11-08, 
NWBO, phase3, 2022-11-17, 
VAXX, phase3, 2022-12-02, 
RLMD, phase3, 2022-12-07, 
ABBV, phase3, 2022-12-10, 
RIGL, phase3, 2022-12-12, 
BLUE, phase3, 2022-12-12, 
RHHBY, phase3, 2022-12-12, 
PRTA, phase3, 2022-12-12, 
JAZZ, phase3, 2022-12-12, 
BYSI, phase3, 2022-12-13, 
BYSI, phase3, 2022-12-13, 
AZN, phase3, 2022-12-19, 
VNDA, phase3, 2022-12-19, 
LGND, phase3, 2022-12-20, 
VRNA, phase3, 2022-12-20, 
ACST, phase3, 2022-12-28, 
PFE, phase3, 2022-12-29, 
RDHL, phase3, 2023-01-03, 
PHAT, phase3, 2023-01-08, 
OCGN, phase3, 2023-01-09, 
BFRI, phase3, 2023-01-09, 
ORMP, phase3, 2023-01-12, 
AZN, phase3, 2023-01-26, 
MESO, phase3, 2023-02-08, 
GTHX, phase3, 2023-02-13, 
TRML, phase3, 2023-02-16, 
TAK, phase3, 2023-02-18, 
MRK, phase3, 2023-02-21, 
GSK, phase3, 2023-02-23, 
ALPMY, phase3, 2023-03-01, 
JNJ, phase3, 2023-03-01, 
INO, phase3, 2023-03-01, 
DVAX, phase3, 2023-03-02, 
VALN, phase3, 2023-03-02, 
EXEL, phase3, 2023-03-03, 
AMGN, phase3, 2023-03-04, 
NVIV, phase3, 2023-03-09, 
ROIV, phase3, 2023-03-15, 
ABBV, phase3, 2023-03-18, 
BMY, phase3, 2023-03-20, 
KRTX, phase3, 2023-03-20, 
PRTC, phase3, 2023-03-20, 
RHHBY, phase3, 2023-03-20, 
RNAC, phase3, 2023-03-21, 
IVVD, phase3, 2023-03-23, 
REGN, phase3, 2023-03-23, 
MRK, phase3, 2023-03-23, 
NLSP, phase3, 2023-03-27, 
MNPR, phase3, 2023-03-27, 
TAK, phase3, 2023-03-30, 
AKBA, phase3, 2023-04-03, 
ONCT, phase3, 2023-04-03, 
IFRX, phase3, 2023-04-04, 
MRK, phase3, 2023-04-07, 
MRK, phase3, 2023-04-07, 
AMGN, phase3, 2023-04-10, 
RHHBY, phase3, 2023-04-17, 
AVIR, phase3, 2023-04-17, 
JNJ, phase3, 2023-04-18, 
NVS, phase3, 2023-04-20, 
STSA, phase3, 2023-04-21, 
ABBV, phase3, 2023-04-21, 
VTRS, phase3, 2023-04-24, 
BLTE, phase3, 2023-04-25, 
SABS, phase3, 2023-04-26, 
EQ, phase3, 2023-04-26, 
OVID, phase3, 2023-04-27, 
TAK, phase3, 2023-04-27, 
SNGX, phase3, 2023-05-04, 
ACST, phase3, 2023-05-08, 
LLY, phase3, 2023-05-08, 
GSK, phase3, 2023-05-12, 
ROIV, phase3, 2023-05-16, 
XFOR, phase3, 2023-05-16, 
PTCT, phase3, 2023-05-17, 
FGEN, phase3, 2023-05-18, 
ACHV, phase3, 2023-05-23, 
PTCT, phase3, 2023-05-23, 
BMY, phase3, 2023-05-24, 
BPTS, phase3, 2023-05-25, 
BTAI, phase3, 2023-05-25, 
VNDA, phase3, 2023-05-25, 
PFE, phase3, 2023-06-01, 
PFE, phase3, 2023-06-01, 
ZLAB, phase3, 2023-06-01, 
GERN, phase3, 2023-06-02, 
MRK, phase3, 2023-06-02, 
CHRS, phase3, 2023-06-03, 
CHRS, phase3, 2023-06-03, 
BLPH, phase3, 2023-06-05, 
BMY, phase3, 2023-06-05, 
COGT, phase3, 2023-06-05, 
BGNE, phase3, 2023-06-05, 
CHRS, phase3, 2023-06-06, 
FGEN, phase3, 2023-06-07, 
PRFX, phase3, 2023-06-08, 
NVS, phase3, 2023-06-09, 
NVS, phase3, 2023-06-10, 
TAK, phase3, 2023-06-10, 
EGRX, phase3, 2023-06-14, 
IOBT, phase3, 2023-06-14, 
MRSN, phase3, 2023-06-15, 
ABBV, phase3, 2023-06-15, 
ALDX, phase3, 2023-06-15, 
STSA, phase3, 2023-06-17, 
MRK, phase3, 2023-06-20, 
CYTK, phase3, 2023-06-20, 
ARDS, phase3, 2023-06-20, 
DMAC, phase3, 2023-06-21, 
GILD, phase3, 2023-06-23, 
LLY, phase3, 2023-06-24, 
FGEN, phase3, 2023-06-26, 
FGEN, phase3, 2023-06-26, 
KPTI, phase3, 2023-06-28, 
BTAI, phase3, 2023-06-29, 
RNXT, phase3, 2023-06-29, 
PTCT, phase3, 2023-06-29, 
EIGR, phase3, 2023-06-29, 
DERM, phase3, 2023-07-11, 
ADIL, phase3, 2023-07-11, 
AMGN, phase3, 2023-07-14, 
ZLAB, phase3, 2023-07-14, 
LLY, phase3, 2023-07-17, 
GILD, phase3, 2023-07-21, 
KOD, phase3, 2023-07-24, 
KPTI, phase3, 2023-07-25, 
AQST, phase3, 2023-07-27, 
LLY, phase3, 2023-07-27, 
LGND, phase3, 2023-07-27, 
MRK, phase3, 2023-07-27, 
PFE, phase3, 2023-07-27, 
BHVN, phase3, 2023-07-27, 
URGN, phase3, 2023-07-27, 
IONS, phase3, 2023-07-31, 
ARAV, phase3, 2023-08-02, 
SAGE, phase3, 2023-08-07, 
VTGN, phase3, 2023-08-07, 
OCS, phase3, 2023-08-08, 
NVS, phase3, 2023-08-15, 
CMRX, phase3, 2023-08-16, 
IMAB, phase3, 2023-08-17, 
MRK, phase3, 2023-08-17, 
HCM, phase3, 2023-08-21, 
GILD, phase3, 2023-08-21, 
RHHBY, phase3, 2023-08-23, 
MRK, phase3, 2023-08-25, 
ESPR, phase3, 2023-08-26, 
TBPH, phase3, 2023-08-28, 
NVCR, phase3, 2023-08-28, 
NVS, phase3, 2023-08-28, 
LIAN, phase3, 2023-08-28, 
NBIX, phase3, 2023-08-29, 
FGEN, phase3, 2023-08-29, 
ADCT, phase3, 2023-08-31, 
FULC, phase3, 2023-09-08, 
CING, phase3, 2023-09-09, 
BMY, phase3, 2023-09-11, 
VERU, phase3, 2023-09-11, 
CRNX, phase3, 2023-09-11, 
MRK, phase3, 2023-09-11, 
AZN, phase3, 2023-09-11, 
AZN, phase3, 2023-09-12, 
EIGR, phase3, 2023-09-12, 
MRNA, phase3, 2023-09-13, 
BMY, phase3, 2023-09-14, 
PFE, phase3, 2023-09-14, 
BHVN, phase3, 2023-09-14, 
AVXL, phase3, 2023-09-14, 
TCON, phase3, 2023-09-18, 
ABBV, phase3, 2023-09-18, 
SAVA, phase3, 2023-09-18, 
ALPMY, phase3, 2023-09-19, 
ARQT, phase3, 2023-09-19, 
RLMD, phase3, 2023-09-20, 
MESO, phase3, 2023-09-21, 
CBAY, phase3, 2023-09-21, 
MRK, phase3, 2023-09-22, 
MRK, phase3, 2023-09-22, 
SLNO, phase3, 2023-09-26, 
VERU, phase3, 2023-09-26, 
YS, phase3, 2023-09-26, 
ABBV, phase3, 2023-09-28, 
RHHBY, phase3, 2023-09-29, 
ABBV, phase3, 2023-09-29, 
LGND, phase3, 2023-10-02, 
PRAX, phase3, 2023-10-02, 
NVTA, phase3, 2023-10-02, 
TAK, phase3, 2023-10-02, 
NVS, phase3, 2023-10-02, 
MIRM, phase3, 2023-10-02, 
GALT, phase3, 2023-10-03, 
RHHBY, phase3, 2023-10-04, 
VCYT, phase3, 2023-10-04, 
NBIX, phase3, 2023-10-05, 
ANAB, phase3, 2023-10-09, 
ATHX, phase3, 2023-10-10, 
RHHBY, phase3, 2023-10-11, 
HALO, phase3, 2023-10-11, 
RIGL, phase3, 2023-10-11, 
LLY, phase3, 2023-10-12, 
TRVI, phase3, 2023-10-13, 
INCY, phase3, 2023-10-13, 
KOD, phase3, 2023-10-13, 
KOD, phase3, 2023-10-13, 
KOD, phase3, 2023-10-13, 
ABBV, phase3, 2023-10-16, 
BNOX, phase3, 2023-10-16, 
OMER, phase3, 2023-10-16, 
NVCR, phase3, 2023-10-16, 
ZLAB, phase3, 2023-10-16, 
MOR, phase3, 2023-10-16, 
JNJ, phase3, 2023-10-16, 
BMY, phase3, 2023-10-17, 
RHHBY, phase3, 2023-10-18, 
TAK, phase3, 2023-10-18, 
MRK, phase3, 2023-10-20, 
MRK, phase3, 2023-10-20, 
MRK, phase3, 2023-10-20, 
BMY, phase3, 2023-10-21, 
BGNE, phase3, 2023-10-21, 
LLY, phase3, 2023-10-21, 
PFE, phase3, 2023-10-21, 
ALPMY, phase3, 2023-10-21, 
BMY, phase3, 2023-10-22, 
AZN, phase3, 2023-10-23, 
IMNM, phase3, 2023-10-23, 
EXEL, phase3, 2023-10-23, 
PFE, phase3, 2023-10-23, 
GMAB, phase3, 2023-10-23, 
NVS, phase3, 2023-10-23, 
AZN, phase3, 2023-10-23, 
AZN, phase3, 2023-10-23, 
BMY, phase3, 2023-10-23, 
BGNE, phase3, 2023-10-23, 
AXSM, phase3, 2023-10-24, 
MRNA, phase3, 2023-10-24, 
JNJ, phase3, 2023-10-24, 
JNJ, phase3, 2023-10-24, 
GSK, phase3, 2023-10-25, 
SAVA, phase3, 2023-10-25, 
BIIB, phase3, 2023-10-25, 
DCPH, phase3, 2023-10-30, 
RVPH, phase3, 2023-10-30, 
CVM, phase3, 2023-10-30, 
LIAN, phase3, 2023-10-30, 
AMGN, phase3, 2023-10-31, 
KTRA, phase3, 2023-10-31, 
PFE, phase3, 2023-10-31, 
BHVN, phase3, 2023-10-31, 
KZIA, phase3, 2023-10-31, 
INVA, phase3, 2023-11-01, 
ARGX, phase3, 2023-11-01, 
PFE, phase3, 2023-11-02, 
TVTX, phase3, 2023-11-03, 
KOD, phase3, 2023-11-06, 
SLNO, phase3, 2023-11-06, 
SAVA, phase3, 2023-11-06, 
HRMY, phase3, 2023-11-08, 
NVS, phase3, 2023-11-09, 
DBVT, phase3, 2023-11-09, 
AUPH, phase3, 2023-11-12, 
CBAY, phase3, 2023-11-13, 
OCUP, phase3, 2023-11-13, 
TBPH, phase3, 2023-11-13, 
VTRS, phase3, 2023-11-13, 
VALN, phase3, 2023-11-13, 
GNFT, phase3, 2023-11-13, 
IPSEY, phase3, 2023-11-13, 
AZN, phase3, 2023-11-14, 
SLRN, phase3, 2023-11-27, 
ARGX, phase3, 2023-11-28, 
ZLAB, phase3, 2023-11-28, 
LGND, phase3, 2023-11-28, 
MRK, phase3, 2023-11-28, 
ALVO, phase3, 2023-11-29, 
SLS, phase3, 2023-11-29, 
ALPMY, phase3, 2023-11-30, 
SLGL, phase3, 2023-11-30, 
DARE, phase3, 2023-12-04, 
EXEL, phase3, 2023-12-04, 
VALN, phase3, 2023-12-04, 
IVA, phase3, 2023-12-04, 
TVTX, phase3, 2023-12-04, 
PFE, phase3, 2023-12-04, 
VALN, phase3, 2023-12-04, 
ITCI, phase3, 2023-12-05, 
LLY, phase3, 2023-12-05, 
NBIX, phase3, 2023-12-05, 
RYTM, phase3, 2023-12-06, 
PFE, phase3, 2023-12-06, 
MRK, phase3, 2023-12-07, 
CYTK, phase3, 2023-12-07, 
CYTK, phase3, 2023-12-07, 
RHHBY, phase3, 2023-12-07, 
MRK, phase3, 2023-12-08, 
NVS, phase3, 2023-12-08, 
AMGN, phase3, 2023-12-08, 
AZN, phase3, 2023-12-09, 
FGEN, phase3, 2023-12-09, 
PFE, phase3, 2023-12-09, 
AZN, phase3, 2023-12-10, 
AURA, phase3, 2023-12-11, 
NRXP, phase3, 2023-12-11, 
ERAS, phase3, 2023-12-11, 
MOR, phase3, 2023-12-11, 
NVS, phase3, 2023-12-11, 
SNY, phase3, 2023-12-11, 
LLY, phase3, 2023-12-11, 
TSVT, phase3, 2023-12-12, 
BMY, phase3, 2023-12-12, 
JNJ, phase3, 2023-12-12, 
LEGN, phase3, 2023-12-12, 
VSTM, phase3, 2023-12-13, 
ENSC, phase3, 2023-12-14, 
VRCA, phase3, 2023-12-15, 
BMY, phase3, 2023-12-15, 
AKRO, phase3, 2023-12-18, 
LLY, phase3, 2023-12-18, 
LNTH, phase3, 2023-12-18, 
IVVD, phase3, 2023-12-18, 
CARA, phase3, 2023-12-18, 
CANF, phase3, 2023-12-18, 
ASND, phase3, 2023-12-19, 
ARGX, phase3, 2023-12-20, 
TNXP, phase3, 2023-12-20, 
CLNN, phase3, 2023-12-21, 
CLNN, phase3, 2023-12-21, 
SNY, phase3, 2023-12-21, 
SEEL, phase3, 2023-12-21, 
ALVR, phase3, 2023-12-22, 
ALVR, phase3, 2023-12-22, 
ALVR, phase3, 2023-12-22, 
CYTK, phase3, 2023-12-27, 
AVXL, phase3, 2024-01-02, 
SPRO, phase3, 2024-01-02, 
CTXR, phase3, 2024-01-02, 
AGIO, phase3, 2024-01-03, 
TEVA, phase3, 2024-01-03, 
ALVO, phase3, 2024-01-03, 
ATHA, phase3, 2024-01-03, 
APLM, phase3, 2024-01-03, 
GLYC, phase3, 2024-01-03, 
INTS, phase3, 2024-01-03, 
APLT, phase3, 2024-01-04, 
APLT, phase3, 2024-01-04, 
TBPH, phase3, 2024-01-05, 
NVO, phase3, 2024-01-08, 
NVS, phase3, 2024-01-08, 
AVIR, phase3, 2024-01-08, 
ALC, phase3, 2024-01-09, 
ALC, phase3, 2024-01-09, 
ARQT, phase3, 2024-01-15, 
SRPT, phase3, 2024-01-16, 
IXHL, phase3, 2024-01-17, 
DCPH, phase3, 2024-01-18, 
ZLAB, phase3, 2024-01-18, 
NVS, phase3, 2024-01-19, 
AZN, phase3, 2024-01-19, 
BMY, phase3, 2024-01-20, 
CARA, phase3, 2024-01-22, 
IONS, phase3, 2024-01-22, 
GILD, phase3, 2024-01-22, 
ANVS, phase3, 2024-01-24, 
PBLA, phase3, 2024-01-25, 
EXEL, phase3, 2024-01-25, 
IPSEY, phase3, 2024-01-25, 
MRK, phase3, 2024-01-26, 
BMY, phase3, 2024-01-27, 
MRK, phase3, 2024-01-29, 
ITRM, phase3, 2024-01-30, 
VRTX, phase3, 2024-01-30, 
NVS, phase3, 2024-01-31, 
OTLK, phase3, 2024-01-31, 
NVO, phase3, 2024-01-31, 
RHHBY, phase3, 2024-02-01, 
EDAP, phase3, 2024-02-01, 
AZN, phase3, 2024-02-02, 
BBIO, phase3, 2024-02-02, 
KYKOF, phase3, 2024-02-05, 
ARCT, phase3, 2024-02-05, 
VRTX, phase3, 2024-02-05, 
GSK, phase3, 2024-02-06, 
LLY, phase3, 2024-02-06, 
HCM, phase3, 2024-02-07, 
ALEC, phase3, 2024-02-07, 
GSK, phase3, 2024-02-07, 
SAVA, phase3, 2024-02-07, 
RGNX, phase3, 2024-02-07, 
ANTX, phase3, 2024-02-12, 
CSLLY, phase3, 2024-02-12, 
PYPD, phase3, 2024-02-12, 
KTRA, phase3, 2024-02-12, 
BMRN, phase3, 2024-02-12, 
OCUL, phase3, 2024-02-13, 
OPT, phase3, 2024-02-14, 
GLSI, phase3, 2024-02-14, 
ANVS, phase3, 2024-02-14, 
MESO, phase3, 2024-02-14, 
APLT, phase3, 2024-02-15, 
IONS, phase3, 2024-02-15, 
MNKD, phase3, 2024-02-15, 
ENSC, phase3, 2024-02-15, 
AZN, phase3, 2024-02-19, 
SPRY, phase3, 2024-02-20, 
ATNM, phase3, 2024-02-22, 
KALV, phase3, 2024-02-25, 
GSK, phase3, 2024-02-26, 
MTNB, phase3, 2024-02-26, 
PTN, phase3, 2024-02-28, 
IRWD, phase3, 2024-02-29, 
TGTX, phase3, 2024-02-29, 
BIVI, phase3, 2024-03-01, 
NVS, phase3, 2024-03-04, 
BCDA, phase3, 2024-03-04, 
VTVT, phase3, 2024-03-04, 
NRXP, phase3, 2024-03-04, 
NVO, phase3, 2024-03-05, 
IMMP, phase3, 2024-03-05, 
GILD, phase3, 2024-03-05, 
GSK, phase3, 2024-03-06, 
ZLAB, phase3, 2024-03-06, 
GILD, phase3, 2024-03-06, 
GSK, phase3, 2024-03-07, 
AMLX, phase3, 2024-03-08, 
